date,wuzhengzhuang
2022-02-24,1
2022-02-25,1
2022-02-26,1
2022-02-27,1
2022-02-28,3
2022-03-01,1
2022-03-02,5
2022-03-03,14
2022-03-04,16
2022-03-05,28
2022-03-06,45
2022-03-07,51
2022-03-08,62
2022-03-09,76
2022-03-10,64
2022-03-11,78
2022-03-12,64
2022-03-13,128
2022-03-14,130
2022-03-15,197
2022-03-16,150
2022-03-17,203
2022-03-18,366
2022-03-19,492
2022-03-20,734
2022-03-21,865
2022-03-22,977
2022-03-23,979
2022-03-24,1580
2022-03-25,2231
2022-03-26,2631
2022-03-27,3450
2022-03-28,4381
2022-03-29,5656
2022-03-30,5298
2022-03-31,4144
2022-04-01,6051
2022-04-02,7788
2022-04-03,8581
2022-04-04,13086
2022-04-05,16766
2022-04-06,19660
2022-04-07,20398
