date,quezhen
2022-02-24,0
2022-02-25,0
2022-02-26,0
2022-02-27,0
2022-02-28,0
2022-03-01,1
2022-03-02,3
2022-03-03,2
2022-03-04,3
2022-03-05,0
2022-03-06,3
2022-03-07,4
2022-03-08,3
2022-03-09,4
2022-03-10,11
2022-03-11,5
2022-03-12,1
2022-03-13,41
2022-03-14,9
2022-03-15,5
2022-03-16,8
2022-03-17,57
2022-03-18,8
2022-03-19,17
2022-03-20,24
2022-03-21,31
2022-03-22,4
2022-03-23,4
2022-03-24,29
2022-03-25,38
2022-03-26,45
2022-03-27,50
2022-03-28,96
2022-03-29,326
2022-03-30,355
2022-03-31,358
2022-04-01,260
2022-04-02,438
2022-04-03,425
2022-04-04,268
2022-04-05,311
2022-04-06,322
2022-04-07,824
2022-04-08,1015
2022-04-09,1006
2022-04-10,914
2022-04-11,994
2022-04-12,1189
2022-04-13,2573
2022-04-14,3200
2022-04-15,3590
2022-04-16,3238
2022-04-17,2417
2022-04-18,3084
2022-04-19,2494
2022-04-20,2634
2022-04-21,1931
2022-04-22,2736
2022-04-23,1401
2022-04-24,2472
2022-04-25,1661
2022-04-26,1606
2022-04-27,1292
2022-04-28,5487
2022-04-29,1249
2022-04-30,788
2022-05-01,727
2022-05-02,274
2022-05-03,260
2022-05-04,261
2022-05-05,245
2022-05-06,253
2022-05-07,215
2022-05-08,322
2022-05-09,234
2022-05-10,228
2022-05-11,144
2022-05-12,227
2022-05-13,194
2022-05-14,166
2022-05-15,69
2022-05-16,77
2022-05-17,96
2022-05-18,82
2022-05-19,88
2022-05-20,84
2022-05-21,52
2022-05-22,55
2022-05-23,58
2022-05-24,44
2022-05-25,48
2022-05-26,45
2022-05-27,39
2022-05-28,29
2022-05-29,6
2022-05-30,9
2022-05-31,5
2022-06-01,5
2022-06-02,8
2022-06-03,5
2022-06-04,6
2022-06-05,4
2022-06-06,3
2022-06-07,4
2022-06-08,4
2022-06-09,6
